Depths,Interpolated White Percents
2400,1.6025164548088522
2600,1.6537932788624483
